,dialog,name,timestamp
0,"<i>Once upon a time in a kingdom far, far away,</i>",PRINCE CHARMING,55.198
1,<i>the king and queen were blessed with a beautiful baby girl.</i>,PRINCE CHARMING,59.70399999999999
2,"<i>And throughout the land, everyone was happy...</i>",PRINCE CHARMING,63.8415
3,<i>until the sun went down</i>,PRINCE CHARMING,66.8195
4,<i>and they saw that their daughter was cursed with a frightful enchantment</i>,PRINCE CHARMING,69.88850000000001
5,<i>that took hold each and every night.</i>,PRINCE CHARMING,73.534
6,"<i>Desperate, they sought the help of a fairy godmother</i>",PRINCE CHARMING,78.42699999999999
7,"<i>who had them lock the young princess away in a tower,</i>",PRINCE CHARMING,81.7515
8,<i>there to await the kiss... of the handsome Prince Charming.</i>,PRINCE CHARMING,85.19449999999999
9,(HORSE WHINNIES),SOUND FX,88.2145
10,<i>It was he who would chance the perilous journey</i>,PRINCE CHARMING,91.8905
11,<i>through blistering cold and scorching desert</i>,PRINCE CHARMING,94.712
12,"<i>travelling for many days and nights,</i>",PRINCE CHARMING,97.2815
13,<i>risking life and limb</i>,PRINCE CHARMING,99.596
14,<i>to reach the Dragon's keep.</i>,PRINCE CHARMING,102.8155
15,(CROWS CAW),SOUND FX,107.395
16,"For he was the bravest,",PRINCE CHARMING,109.912
17,and most handsome...,PRINCE CHARMING,112.62299999999999
18,in all the land.,PRINCE CHARMING,117.68449999999999
19,And it was destiny that his kiss,PRINCE CHARMING,120.06899999999999
20,would break the dreaded curse.,PRINCE CHARMING,124.1185
21,He alone would climb to the highest room of the tallest tower,PRINCE CHARMING,128.697
22,"to enter the princess's chambers, cross the room to her sleeping silhouette,",PRINCE CHARMING,133.941
23,pull back the gossamer curtains to find her... (GASPS),PRINCE CHARMING,137.844
24,What?,WOLFIE,141.0365
25,- Princess... Fiona?,PRINCE CHARMING,143.405
26,"(SIGHS RELIEF) Oh, thank heavens. Where is she?",PRINCE CHARMING,146.83599999999998
27,- She's on her honeymoon.,WOLFIE,150.54649999999998
28,<i>(COUNTING CROWS: ACCIDENTALLY IN LOVE)</i>,MUSIC,153.938
29,"<i>So she said what's the problem, baby?</i>",MUSIC,167.97199999999998
30,<i>What's the problem? I don't know.</i>,MUSIC,170.71699999999998
31,"<i>Well, maybe I'm in love.</i>",MUSIC,172.69400000000002
32,<i>Think about it everytime I think about it.</i>,MUSIC,174.99749999999997
33,<i>Can't stop thinking about it.</i>,MUSIC,177.461
34,<i>How much longer will it take to cure this?</i>,MUSIC,180.261
35,"<i>Just to cure it, 'cause I can't ignore it.</i>",MUSIC,183.233
36,"<i>If it's love, love.</i>",MUSIC,185.324
37,<i>Makes me wanna turn around and face me.</i>,MUSIC,187.20250000000001
38,<i>But I don't know nothing about love.</i>,MUSIC,189.71599999999998
39,"<i>Oh, come on, come on</i>",MUSIC,192.011
40,<i>- (SCREAMS),SOUND FX,194.087
41,"<i>Come on, come on.</i>",MUSIC,196.03949999999998
42,<i>The world will follow after.</i>,MUSIC,197.90250000000003
43,"<i>Come on, come on.</i>",MUSIC,199.77550000000002
44,<i>Everybody's after love.</i>,MUSIC,202.877
45,<i>So I said I'm a snowball running.</i>,MUSIC,211.489
46,<i>Running down into this spring that's coming all this love.</i>,MUSIC,215.2385
47,<i>Melting under blue skies belting out sunlight.</i>,MUSIC,218.94
48,<i>Shimmering love.</i>,MUSIC,221.78300000000002
49,"<i>Well, baby, I surrender.</i>",MUSIC,223.751
50,<i>To the strawberry ice cream.</i>,MUSIC,225.704
51,<i>Never ever end of all this love.</i>,MUSIC,228.2695
52,"<i>Well, I didn't mean to do it.</i>",MUSIC,230.8125
53,<i>But there's no escaping your love.</i>,MUSIC,233.49849999999998
54,<i>These lines of lightning mean we're never alone.</i>,MUSIC,237.9415
55,"<i>Never alone, no, no.</i>",MUSIC,241.3535
56,"<i>Come on, come on.</i>",MUSIC,243.316
57,<i>Jump a little higher.</i>,MUSIC,245.01649999999998
58,"<i>Come on, come on.</i>",MUSIC,246.5995
59,<i>If you feel a little lighter.</i>,MUSIC,248.264
60,"<i>Come on, come on.</i>",MUSIC,250.0745
61,<i>We were once upon a time in love.</i>,MUSIC,252.35150000000002
62,Hyah!,FIONA,255.108
63,<i>We're accidentally in love.</i>,MUSIC,259.72299999999996
64,<i>Accidentally in love.</i>,MUSIC,263.427
65,<i>Accidentally in love.</i>,MUSIC,267.1325
66,<i>Accidentally in love.</i>,MUSIC,270.63
67,<i>Accidentally in love.</i>,MUSIC,274.12250000000006
68,<i>Accidentally in love.</i>,MUSIC,276.38000000000005
69,<i>Accidentally in love.</i>,MUSIC,278.094
70,<i>Accidentally.</i>,MUSIC,280.2455
71,"<i>I'm in love, I'm in love, I'm in love, I'm in love.</i>",MUSIC,282.6895
72,"<i>I'm in love, I'm in love.</i>",MUSIC,285.368
73,<i>Accidentally in love.</i>,MUSIC,288.129
74,<i>I'm in love.</i>,MUSIC,291.87850000000003
75,<i>I'm in love.</i>,MUSIC,294.777
76,It's so good to be home!,SHREK,296.81300000000005
77,- (DISTANT SINGING) - (GIGGLING),SOUND FX,299.9055
78,Just you and me and...,DONKEY,301.786
79,(DONKEY SINGS),SOUND FX,304.017
80,<i>- Two can be as bad as one...,DONKEY,308.8155
81,Shrek! Fiona! Aren't you two a sight for sore eyes!,DONKEY,313.1645
82,"Give us a hug, Shrek, you old love machine.",DONKEY,316.38699999999994
83,(CHUCKLES),SOUND FX,318.1865
84,"And look at you, Mrs. Shrek. How about a side of sugar for the steed?",DONKEY,320.31399999999996
85,"Donkey, what are you doing here?",FIONA,323.087
86,Taking care of your love nest for you.,DONKEY,325.2615
87,"Oh, you mean like... sorting the mail and watering the plants?",SHREK,328.442
88,"- Yeah, and feeding the fish!",DONKEY,332.226
89,You do now. I call that one Shrek and the other Fiona.,DONKEY,335.329
90,That Shrek is a rascally devil. Get your...,DONKEY,338.4185
91,Look at the time. I guess you'd better be going.,SHREK,341.36650000000003
92,Don't you want to tell me about your trip? Or how about a game of Parcheesi?,DONKEY,344.7205
93,"Actually, Donkey? Shouldn't you be getting home to Dragon?",FIONA,348.8225
94,"Oh, yeah, that.",DONKEY,352.11699999999996
95,I don't know. She's been all moody and stuff lately.,DONKEY,355.027
96,I thought I'd move in with you.,DONKEY,357.77500000000003
97,"You know we're always happy to see you, Donkey.",FIONA,360.0515
98,But Fiona and I are married now.,SHREK,362.8875
99,"We need a little time, you know, to be together.",SHREK,366.0025
100,Just with each other.,SHREK,370.843
101,Alone.,SHREK,373.717
102,Say no more. You don't have to worry about a thing.,DONKEY,375.83149999999995
103,I will always be here to make sure nobody bothers you.,DONKEY,378.71299999999997
104,- Donkey!,SHREK,381.03000000000003
105,You're bothering me.,SHREK,382.6805
106,"Oh, Okay. All right, cool. I guess...",DONKEY,386.101
107,"Me and Pinocchio was going to catch a tournament, anyway, so...",DONKEY,389.5685
108,Maybe I'll see y'all Sunday for a barbecue or something.,DONKEY,393.661
109,"He'll be fine. Now, where were we?",SHREK,400.18249999999995
110,(GIGGLES) Oh.,SHREK,403.33950000000004
111,I think I remember.,SHREK,405.35650000000004
112,- Donkey!,SHREK,409.3545
113,"I know, I know! Alone! I'm going! I'm going.",DONKEY,411.67699999999996
114,What do you want me to tell these other guys?,DONKEY,414.82399999999996
115,(FANFARE),SOUND FX,417.8145
116,<i>(THEME TO HAWAII FIVE-O)</i>,MUSIC,423.569
117,"Enough, Reggie.",INQUISITOR,427.67499999999995
118,"(CLEARS THROAT) ""Dearest Princess Fiona.""",INQUISITOR,432.438
119,"""You are hereby summoned to the Kingdom of Far, Far Away""",INQUISITOR,436.34250000000003
120,"""for a royal ball in celebration of your marriage""",INQUISITOR,440.8355
121,"""at which time the King""",INQUISITOR,444.374
122,"""will bestow his royal blessing... upon you and your...""",INQUISITOR,447.9835
123,"uh...""Prince Charming.",INQUISITOR,451.714
124,"""Love, the King and Queen of Far, Far Away.""",INQUISITOR,455.12449999999995
125,"""Aka Mom and Dad.""",INQUISITOR,458.79650000000004
126,Mom and Dad?,FIONA,460.8
127,- Prince Charming?,SHREK,463.1795
128,- We're not going. FIONA & DONKEY - (BOTH) What?,SHREK,465.861
129,"I mean, don't you think they might be a bit...",SHREK,468.29449999999997
130,shocked to see you like this?,SHREK,471.379
131,"(CHUCKLES) Well, they might be a bit surprised.",FIONA,474.2055
132,"But they're my parents, Shrek. They love me.",FIONA,477.0715
133,"And don't worry. They'll love you, too.",FIONA,479.921
134,"Yeah, right.",SHREK,481.7025
135,Somehow I don't think I'll be welcome at the country club.,SHREK,483.606
136,Stop it. They're not like that.,FIONA,485.964
137,How do you explain Sergeant Pompous and the Fancy Pants Club Band?,SHREK,488.636
138,"Oh, come on! You could at least give them a chance.",FIONA,492.204
139,To do what? Sharpen their pitchforks?,SHREK,495.06850000000003
140,No! They just want to give you their blessing.,FIONA,497.5745
141,"Oh, great. Now I need their blessing?",SHREK,501.1155
142,"If you want to be a part of this family, yes!",FIONA,504.50749999999994
143,Who says I want to be part of this family?,SHREK,506.853
144,You did! When you married me!,FIONA,509.4185
145,"Well, there's some fine print for you!",SHREK,512.0415
146,(EXASPERATED SIGH) So that's it. You won't come?,FIONA,514.6540000000001
147,Trust me. It's a bad idea. We are not going!,SHREK,517.558
148,And that's final!,SHREK,520.0725
149,Come on! We don't want to hit traffic!,DONKEY,524.6460000000001
150,Don't worry! We'll take care of everything.,GINGY,530.0484999999999
151,(ALL CHEER),SOUND FX,532.3475
152,"- Hey, wait for me. Oof!",PINOCCHIO,534.4114999999999
153,(SIGHS),PINOCCHIO,536.3355
154,<i>(CHIC: LE FREAK)</i>,MUSIC,538.668
155,"<i>Hit it! Move 'em on! Head 'em up! Head 'em up, move 'em on! Head 'em up!</i>",DONKEY,544.2715000000001
156,<i>Rawhide! Move 'em on! Head 'em up!</i>,DONKEY,547.9245
157,<i>Move 'em on! Move 'em on! Head 'em up! Rawhide!</i>,DONKEY,550.4069999999999
158,<i>Ride 'em up! Move 'em on! Head 'em up! Move 'em on! Rawhide!</i>,DONKEY,553.787
159,<i>Knock 'em out! Pound 'em dead! Make 'em tea!</i>,DONKEY,556.621
160,<i>Buy 'em drinks!</i>,DONKEY,557.5994999999999
161,<i>Meet their mamas! Milk 'em hard!</i>,DONKEY,559.0155
162,<i>Rawhide! Yee-haw!</i>,DONKEY,561.1610000000001
163,- Are we there yet?,DONKEY,569.2520000000001
164,- Are we there yet?,DONKEY,575.1925
165,"- Okay, are we there yet?",DONKEY,580.854
166,- Are we there yet?,DONKEY,583.8045
167,- Are we there yet?,DONKEY,585.8645
168,- Really?,DONKEY,587.6080000000001
169,- Are we there yet?,DONKEY,589.0705
170,- Are we there yet?,DONKEY,590.774
171,- Are we there yet? SHREK & FIONA - No!,DONKEY,593.026
172,- Are we there yet?,DONKEY,596.6129999999999
173,- That's not funny. That's really immature.,DONKEY,599.5695000000001
174,- This is why nobody likes ogres.,DONKEY,602.8340000000001
175,- Your loss!,DONKEY,604.732
176,- I'm gonna just stop talking.,DONKEY,607.0885
177,"This is taking forever, Shrek. There's no in-flight movie or nothing!",DONKEY,610.609
178,"The Kingdom of Far, Far Away, Donkey.",SHREK,614.3995
179,"That's where we're going. Far, far...",SHREK,618.5409999999999
180,(SOFTLY) away!,SHREK,621.64
181,"All right, all right, I get it. I'm just so darn bored.",DONKEY,624.289
182,"Well, find a way to entertain yourself.",SHREK,627.475
183,(SIGHS),DONKEY,629.9055
184,(DEEP SIGH),DONKEY,636.7370000000001
185,(CLICKS TONGUE),DONKEY,642.9660000000001
186,(POPPING),DONKEY,644.9834999999999
187,- (POPPING),DONKEY,650.1579999999999
188,For five minutes...,SHREK,652.814
189,Could you not be yourself...,SHREK,655.2075
190,(SHOUTS)... for five minutes!,SHREK,657.5075
191,- (POPPING),DONKEY,664.7345
192,Are we there yet?,SHREK,666.6569999999999
193,- (CHUCKLES) Yes!,FIONA,668.9359999999999
194,(FANFARE),SOUND FX,671.427
195,"<i>(LIPPS, INC: FUNKYTOWN)</i>",MUSIC,680.7814999999999
196,Wow!,DONKEY,683.107
197,It's going to be champagne wishes and caviar dreams from now on.,DONKEY,687.481
198,"Hey, good-looking! We'll be back to pick you up later!",DONKEY,691.2215
199,<i>Gotta make a move to a town that's right for me.</i>,MUSIC,695.4455
200,We are definitely not in the swamp anymore.,SHREK,702.6129999999999
201,(WHISTLE) Halt!,GUARD,705.603
202,"<i>Well, I talk about it, talk about it, talk about it, talk about it.</i>",MUSIC,710.649
203,"Hey, everyone, look.",TOWNSPEOPLE,716.4635000000001
204,"<i>Talk about, talk about movin'...</i>",MUSIC,719.509
205,"Hey, ladies! Nice day for a parade, huh? You working that hat.",DONKEY,730.5715
206,Swimming pools! Movie stars!,DONKEY,741.987
207,(CHEERING),SOUND FX,746.043
208,(APPLAUSE),SOUND FX,767.3525000000001
209,(FANFARE),SOUND FX,775.1419999999999
210,Announcing the long-awaited return,MESSENGER,780.42
211,of the beautiful Princess Fiona and her new husband.,MESSENGER,784.0885000000001
212,"Well, this is it.",FIONA,788.983
213,- This is it.,KING,790.9644999999999
214,This is it.,MESSENGER,792.683
215,(FANFARE),SOUND FX,795.0525
216,(FANFARE AND CHEERING STOP),SOUND FX,800.7105
217,(GASPS),SOUND FX,802.0735
218,(TWEETING),SOUND FX,803.2225
219,(BABY WAILS),SOUND FX,809.8439999999999
220,Uh... why don't you guys go ahead? I'll park the car.,DONKEY,817.4065
221,(CHUCKLES) So...,SHREK,823.6555
222,you still think this was a good idea?,SHREK,826.374
223,Of course! Look. Mom and Dad look happy to see us.,FIONA,830.137
224,- (SOFTLY) Who on earth are they?,KING,834.5445000000001
225,That's not little! That's a really big problem.,KING,838.4195
226,Wasn't she supposed to kiss Prince Charming and break the spell?,KING,841.8165
227,"Well, he's no Prince Charming, but they do look...",QUEEN,845.156
228,(SOFTLY) Happy now? We came. We saw them.,SHREK,848.6715
229,Now let's go before they light the torches.,SHREK,851.8055
230,- They're my parents.,FIONA,854.7044999999999
231,That was for my own...,FIONA,857.2235000000001
232,Good! Here's our chance. Let's go back inside and pretend we're not home.,KING,859.9285
233,"Harold, we have to be...",QUEEN,862.6089999999999
234,Quick! While they're not looking we can make a run for it.,SHREK,864.746
235,"Shrek, stop it! Everything's gonna be...",FIONA,867.3054999999999
236,A disaster! There is no way...,KING,869.55
237,- You can do this.,FIONA,871.633
238,- Really...,KING,873.7584999999999
239,- want...,SHREK,873.7584999999999
240,- be...,KING,873.7584999999999
241,Here!,SHREK,876.1455000000001
242,Mom... Dad...,FIONA,880.65
243,I'd like you to meet my husband...,FIONA,884.6165
244,Shrek.,FIONA,886.561
245,"Well, um...",SHREK,890.7070000000001
246,It's easy to see where Fiona gets her good looks from.,SHREK,893.3485
247,(CHUCKLES NERVOUSLY),SHREK,896.449
248,(GULPS),SOUND FX,903.0405
249,(BELCHES),SOUND FX,932.4064999999999
250,- Excuse me.,FIONA,934.2819999999999
251,"Better out than in, I always say, eh, Fiona?",SHREK,937.3164999999999
252,(BOTH GIGGLE),SOUND FX,940.0765
253,That's good.,SHREK,942.424
254,I guess not.,SHREK,944.6695
255,"What do you mean, ""not on the list""? Don't tell me you don't know who I am.",DONKEY,945.509
256,"What's happening, everybody? Thanks for waiting.",DONKEY,951.086
257,I had the hardest time finding this place.,DONKEY,953.617
258,No! No! Bad donkey! Bad! Down!,KING,955.7334999999999
259,"No, Dad! It's all right. It's all right. He's with us.",FIONA,958.4225
260,- He helped rescue me from the dragon.,FIONA,961.637
261,Waiter! How about a bowl for the steed?,DONKEY,964.4825000000001
262,"Oh, boy.",SHREK,966.3695
263,(SLURPS),SOUND FX,969.0219999999999
264,"- Um, Shrek?",FIONA,970.5405000000001
265,"Oh, sorry! Great soup, Mrs. Q.",SHREK,973.13
266,Mmm!,SHREK,975.5335
267,"No, no. Darling.",FIONA,977.1034999999999
268,(CHUCKLES NERVOUSLY) Oh!,SHREK,979.934
269,"So, Fiona, tell us about where you live.",QUEEN,984.701
270,Well...,FIONA,987.3475
271,Shrek owns his own land.,FIONA,989.375
272,"- Don't you, honey?",FIONA,992.5825
273,It's in an enchanted forest,SHREK,995.4355
274,abundant in squirrels and cute little duckies and...,SHREK,999.2524999999999
275,(LAUGHING) What?,DONKEY,1002.429
276,I know you ain't talking about the swamp.,DONKEY,1004.249
277,An ogre from a swamp. Oh! How original.,KING,1007.4645
278,I suppose that would be a fine place to raise the children.,QUEEN,1011.097
279,- (SPLUTTERS),SOUND FX,1013.679
280,"It's a bit early to be thinking about that, isn't it?",SHREK,1024.532
281,- Indeed. I just started eating.,KING,1027.404
282,- What's that supposed to mean?,SHREK,1030.5265
283,"- For his type, yes.",KING,1033.5984999999998
284,I got to go to the bathroom.,DONKEY,1035.776
285,- Dinner is served!,SERVANT,1038.235
286,<i>Bon appetit!</i>,SERVANT,1046.3505
287,"Oh, Mexican food! My favourite.",DONKEY,1048.2025
288,Let's not sit here with our tummies rumbling.,QUEEN,1050.4365
289,Everybody dig in.,QUEEN,1052.1720000000003
290,"Don't mind if I do, Lillian.",SHREK,1053.919
291,I suppose any grandchildren I could expect from you would be...,KING,1056.5375
292,"Ogres, yes!",SHREK,1059.735
293,"Not that there's anything wrong with that. Right, Harold?",QUEEN,1062.4554999999998
294,"Oh, no! No! Of course, not!",KING,1064.9199999999998
295,"That is, assuming you don't eat your own young!",KING,1067.455
296,Dad!,FIONA,1069.588
297,"No, we usually prefer the ones who've been locked away in a tower!",SHREK,1072.3075
298,"- Shrek, please!",FIONA,1076.5774999999999
299,"Aye, day care or dragon-guarded castle.",SHREK,1079.6955
300,You wouldn't understand. You're not her father!,KING,1082.4935
301,It's so nice to have the family together for dinner.,DONKEY,1090.1754999999998
302,- Harold!,QUEEN,1096.6460000000002
303,- Fiona!,SHREK,1097.8854999999999
304,- Mom!,FIONA,1099.0665000000001
305,Donkey!,DONKEY,1100.2794999999999
306,(GLISSANDO),MUSIC,1157.3615
307,<i>Your fallen tears have called to me.</i>,FAIRY GODMOTHER,1165.427
308,"<i>So, here comes my sweet remedy.</i>",FAIRY GODMOTHER,1169.8700000000001
309,<i>I know what every princess needs.</i>,FAIRY GODMOTHER,1175.055
310,<i>For her to live life happily...</i>,FAIRY GODMOTHER,1179.758
311,(BOTH GASP),SOUND FX,1183.5639999999999
312,"Oh, my dear. Oh, look at you.",FAIRY GODMOTHER,1186.2825
313,You're all grown up.,FAIRY GODMOTHER,1190.3294999999998
314,- Who are you?,FIONA,1193.414
315,I'm your fairy godmother.,FAIRY GODMOTHER,1196.0415
316,- I have a fairy godmother?,FIONA,1198.428
317,"Now, don't worry. I'm here to make it all better.",FAIRY GODMOTHER,1201.9589999999998
318,With just a...,FAIRY GODMOTHER,1205.7830000000001
319,<i>Wave of my magic wand Your troubles will soon be gone.</i>,FAIRY GODMOTHER,1209.792
320,<i>With a flick of the wrist and just a flash You'll land a prince with a ton of cash.</i>,FAIRY GODMOTHER,1214.1070000000002
321,<i>A high-priced dress made by mice no less.</i>,FAIRY GODMOTHER,1217.6475
322,<i>Some crystal glass pumps And no more stress.</i>,FAIRY GODMOTHER,1219.7295
323,"<i>Your worries will vanish, your soul will cleanse.</i>",FAIRY GODMOTHER,1221.863
324,<i>Confide in your very own furniture friends.</i>,FAIRY GODMOTHER,1223.829
325,<i>We'll help you set a new fashion trend.</i>,FAIRY GODMOTHER,1226.32
326,"<i>- I'll make you fancy, I'll make you great. - The kind of girl a prince would date!</i>",FAIRY GODMOTHER,1229.952
327,<i>They'll write your name on the bathroom wall...</i>,FAIRY GODMOTHER,1233.2195000000002
328,"<i>""For a happy ever after, give Fiona a call!""</i>",FAIRY GODMOTHER,1235.4769999999999
329,"<i>A sporty carriage to ride in style, Sexy man boy chauffeur, Kyle.</i>",FAIRY GODMOTHER,1238.5430000000001
330,"<i>Banish your blemishes, tooth decay, Cellulite thighs will fade away.</i>",FAIRY GODMOTHER,1242.4309999999998
331,"<i>And oh, what the hey! Have a bichon frisé!</i>",FAIRY GODMOTHER,1245.664
332,"<i>Nip and tuck, here and there to land that prince with the perfect hair.</i>",FAIRY GODMOTHER,1248.9744999999998
333,"<i>Lipstick liners, shadows blush To get that prince with the sexy tush.</i>",FAIRY GODMOTHER,1252.695
334,"<i>Lucky day, hunk buffet You and your prince take a roll in the hay.</i>",FAIRY GODMOTHER,1255.999
335,<i>You can spoon on the moon With the prince to the tune.</i>,FAIRY GODMOTHER,1259.2055
336,"<i>Don't be drab, you'll be fab Your prince will have rock-hard abs.</i>",FAIRY GODMOTHER,1262.2630000000001
337,"<i>Cheese soufflé, Valentine's Day Have some chicken fricassee!</i>",FAIRY GODMOTHER,1264.9519999999998
338,"<i>Nip and tuck, here and there To land that prince with the perfect hair.</i>",FAIRY GODMOTHER,1267.623
339,Stop!,FIONA,1270.0285
340,(CHUCKLES) Look...,FAIRY GODMOTHER,1272.038
341,"Thank you very much, Fairy Godmother,",FIONA,1274.334
342,but I really don't need all this.,FIONA,1277.2075
343,(GASPS AND MUTTERINGS OF DISAPPROVAL),SOUND FX,1279.85
344,- Fine. Be that way.,FAIRY GODMOTHER,1282.303
345,- (KNOCKING),SOUND FX,1285.193
346,(DOG BARKS),SOUND FX,1287.902
347,Oh! You got a puppy? All I got in my room was shampoo.,DONKEY,1292.325
348,"Oh, uh...",FIONA,1294.8120000000001
349,"Fairy Godmother, furniture...",FIONA,1296.7224999999999
350,(GIGGLES),SOUND FX,1298.3305
351,"I'd like you to meet my husband, Shrek.",FIONA,1300.052
352,Your husband? What? What did you say? When did this happen?,FAIRY GODMOTHER,1303.115
353,Shrek is the one who rescued me.,FIONA,1305.865
354,- But that can't be right.,FAIRY GODMOTHER,1308.697
355,She's just trying to help.,FIONA,1311.683
356,"Good! She can help us pack. Get your coat, dear. We're leaving.",SHREK,1314.237
357,- What?,FIONA,1316.7115
358,When did you decide this?,SHREK,1318.3365
359,- Shortly after arriving.,SHREK,1320.505
360,"No, that's all right. I need to go, anyway.",FAIRY GODMOTHER,1323.5745
361,"But remember, dear. If you should ever need me...",FAIRY GODMOTHER,1327.0205
362,happiness...,FAIRY GODMOTHER,1329.4005
363,is just a teardrop away.,FAIRY GODMOTHER,1330.87
364,"Thanks, but we've got all the happiness we need.",SHREK,1333.061
365,"Happy, happy, happy...",SHREK,1335.3704999999998
366,(LAUGHS) So I see.,FAIRY GODMOTHER,1337.4669999999999
367,"Let's go, Kyle.",FAIRY GODMOTHER,1339.5825000000002
368,"- Very nice, Shrek.",FIONA,1343.9885
369,I told you coming here was a bad idea.,SHREK,1346.1754999999998
370,You could've at least tried to get along with my father.,FIONA,1348.9730000000002
371,"I don't think I was going to get Daddy's blessing,",SHREK,1351.68
372,even if I did want it.,SHREK,1353.9509999999998
373,Do you think it might be nice if somebody asked me what I wanted?,FIONA,1356.8895
374,Sure. Do you want me to pack for you?,SHREK,1360.2164999999998
375,You're unbelievable! You're behaving like a...,FIONA,1363.877
376,- Go on! Say it!,SHREK,1367.941
377,Here's a news flash for you!,SHREK,1370.2665000000002
378,Whether your parents like it or not... I am an ogre!,SHREK,1372.9455
379,- (YELPS),SOUND FX,1376.3895
380,"And guess what, Princess? That's not about to change.",SHREK,1382.644
381,"I've made changes for you, Shrek. Think about that.",FIONA,1392.4415
382,"That's real smooth, Shrek. ""I'm an ogre!""",DONKEY,1398.3839999999998
383,(MIMICS SHREK ROARING),DONKEY,1401.611
384,(SNIFFLING),FIONA,1407.0055
385,I knew this would happen.,KING,1427.0515
386,You should. You started it.,QUEEN,1428.8105
387,"I can hardly believe that, Lillian. He's the ogre. Not me.",KING,1431.814
388,"I think, Harold, you're taking this a little too personally.",QUEEN,1435.6425
389,This is Fiona's choice.,QUEEN,1438.6265
390,But she was supposed to choose the prince we picked for her.,KING,1441.428
391,"I mean, you expect me to give my blessings to this... thing?",KING,1445.1815000000001
392,Fiona does. And she'll never forgive you if you don't.,QUEEN,1449.291
393,"I don't want to lose our daughter again, Harold.",QUEEN,1453.6565
394,"Oh, you act as if love is totally predictable.",QUEEN,1457.3890000000001
395,Don't you remember when we were young?,QUEEN,1460.1795
396,We used to walk down by the lily pond and...,QUEEN,1463.1609999999998
397,- they were in bloom...,KING,1466.3010000000002
398,It's not the same!,KING,1468.7365
399,I don't think you realize that our daughter has married a monster!,KING,1471.4779999999998
400,"Oh, stop being such a drama king.",QUEEN,1474.7465
401,Fine! Pretend there's nothing wrong!,KING,1476.9415
402,"La, di, da, di, da! Isn't it all wonderful!",KING,1479.467
403,I'd like to know how it could get any worse!,KING,1482.092
404,"- Hello, Harold.",FAIRY GODMOTHER,1483.838
405,- What happened?,QUEEN,1485.554
406,Just the old hunting wound playing up a bit!,KING,1488.1195
407,(CHUCKLES),SOUND FX,1490.2245000000003
408,I'll just stretch it out here for a while.,KING,1492.0890000000002
409,You better get in. We need to talk.,FAIRY GODMOTHER,1495.0389999999998
410,"Actually, Fairy Godmother, off to bed.",KING,1497.7730000000001
411,"(YAWNS) Already taken my pills, and they tend to make me a bit drowsy.",KING,1500.7
412,"So, how about... we make this a quick visit. What?",KING,1504.5314999999998
413,"Oh, hello. Ha-ha-ha!",KING,1509.1039999999998
414,"So, what's new?",KING,1512.9230000000002
415,"You remember my son, Prince Charming?",FAIRY GODMOTHER,1515.6285
416,Is that you? My gosh! It's been years.,KING,1519.305
417,When did you get back?,KING,1522.2299999999998
418,"Oh, about five minutes ago, actually.",PRINCE CHARMING,1524.8635000000002
419,"After I endured blistering winds, scorching desert...",PRINCE CHARMING,1528.1870000000001
420,I climbed to the highest room in the tallest tower...,PRINCE CHARMING,1531.559
421,Mommy can handle this.,FAIRY GODMOTHER,1534.3435000000002
422,He endures blistering winds and scorching desert!,FAIRY GODMOTHER,1537.6474999999998
423,He climbs to the highest bloody room of the tallest bloody tower...,FAIRY GODMOTHER,1541.7740000000001
424,And what does he find?,FAIRY GODMOTHER,1544.4425
425,Some gender-confused wolf telling him that his princess,FAIRY GODMOTHER,1546.8905
426,is already married.,FAIRY GODMOTHER,1549.8285
427,It wasn't my fault. He didn't get there in time.,KING,1552.0675
428,Stop the car!,FAIRY GODMOTHER,1554.23
429,(CRASH),SOUND FX,1555.8455
430,Harold.,FAIRY GODMOTHER,1557.443
431,You force me to do something I really don't want to do.,FAIRY GODMOTHER,1561.705
432,(GASPS) Where are we?,KING,1565.0505
433,Hi. Welcome to Friar's Fat Boy! May I take your order?,ATTENDANT,1567.5939999999998
434,My diet is ruined! I hope you're happy. Er... okay.,FAIRY GODMOTHER,1571.1975
435,"Two Renaissance Wraps, no Mayo... chili rings...",FAIRY GODMOTHER,1574.7485000000001
436,- I'll have the Medieval Meal.,PRINCE CHARMING,1577.985
437,- Curly fries?,FAIRY GODMOTHER,1580.8745
438,"- Sourdough soft taco, then?",FAIRY GODMOTHER,1583.301
439,"Your order, Fairy Godmother. This comes with the Medieval Meal.",ATTENDANT,1586.6535
440,"There you are, dear.",FAIRY GODMOTHER,1589.2955
441,"We made a deal, Harold, and I assume you don't want me to go back on my part.",FAIRY GODMOTHER,1595.1875000000002
442,(SIGHS DEEPLY) Indeed not.,KING,1598.2849999999999
443,"So, Fiona and Charming will be together.",FAIRY GODMOTHER,1601.2389999999998
444,- Yes.,KING,1604.887
445,Not only for your daughter...,FAIRY GODMOTHER,1608.0369999999998
446,but for your Kingdom.,FAIRY GODMOTHER,1611.5929999999998
447,What am I supposed to do about it?,KING,1618.2640000000001
448,Use your imagination.,FAIRY GODMOTHER,1621.8725
449,(WHOOSHING),SOUND FX,1624.4685
450,(WHINNIES),SOUND FX,1646.1519999999998
451,Oh...,CYCLOPS,1657.8615000000002
452,"Come on in, Your Majesty.",CYCLOPS,1662.241
453,"(PIANO PLAYS, PEOPLE TALK)",SOUND FX,1664.4389999999999
454,"(PIANO PLAYS, PEOPLE TALK)",SOUND FX,1666.022
455,<i>I like my town.</i>,MUSIC,1671.0075000000002
456,<i>With a little drop of poison.</i>,MUSIC,1675.9289999999999
457,<i>Nobody knows...</i>,MUSIC,1680.165
458,(BELCHES),SOUND FX,1682.1575
459,(CLEARS THROAT) Excuse me.,KING,1683.8085
460,Do I know you?,FROG,1686.0130000000001
461,"No, you must be mistaking me for someone else.",KING,1688.6095
462,Uh... excuse me. I'm looking for the Ugly Stepsister.,KING,1691.9485
463,Ah! There you are. Right.,KING,1696.998
464,"You see, I need to have someone taken care of.",KING,1700.969
465,- Who's the guy?,UGLY STEPSISTER,1705.89
466,Um... He's an ogre.,KING,1709.1085
467,(CROWD GASP),SOUND FX,1711.467
468,"Hey, buddy, let me clue you in.",UGLY STEPSISTER,1713.761
469,"There's only one fellow who can handle a job like that, and, frankly...",UGLY STEPSISTER,1716.7749999999999
470,he don't like to be disturbed.,UGLY STEPSISTER,1719.835
471,Where could I find him?,KING,1722.126
472,(KNOCK ON DOOR),SOUND FX,1723.876
473,Hello?,KING,1727.415
474,Who dares enter my room?,PUSS,1730.2845
475,"Sorry! I hope I'm not interrupting, but I'm told you're the one to talk to",KING,1733.343
476,about an ogre problem?,KING,1736.139
477,You are told correct.,PUSS,1738.2105000000001
478,"But for this, I charge a great deal of money.",PUSS,1741.2875
479,Would... this be enough?,KING,1744.345
480,"You have engaged my valuable services, Your Majesty.",PUSS,1754.7695
481,Just tell me where I can find this ogre.,PUSS,1759.1485
482,<i>(EELS: I NEED SOME SLEEP)</i>,MUSIC,1765.2505
483,(SNORING),SOUND FX,1767.4665
484,(CHIMES),SOUND FX,1777.4325000000001
485,<i>Everyone says I'm getting down too low.</i>,MUSIC,1782.036
486,<i>Everyone says you've just gotta let it go.</i>,MUSIC,1789.221
487,<i>You just gotta let it go.</i>,MUSIC,1794.7544999999998
488,<i>I need some sleep.</i>,MUSIC,1806.705
489,<i>Time to put the old horse down.</i>,MUSIC,1809.7555000000002
490,<i>I'm in too deep.</i>,MUSIC,1814.0485
491,<i>And the wheels keep spinning round.</i>,MUSIC,1817.0385
492,<i>Everyone says you've just gotta let it go.</i>,MUSIC,1822.082
493,<i>Everyone says you've just gotta let it go.</i>,MUSIC,1825.2680000000003
494,"<i>Dear Knight, I pray that you take this favour as a token of my gratitude.</i>",FIONA,1831.2045
495,(PLAYS TUNE),SOUND FX,1843.396
496,<i>Dear Diary...</i>,FIONA,1856.658
497,"<i>Sleeping Beauty is having a slumber party tomorrow,</i>",FIONA,1858.736
498,<i>but Dad says I can't go. He never lets me out after sunset.</i>,FIONA,1862.0705
499,<i>Dad says I'm going away for a while.</i>,FIONA,1866.2655
500,<i>Must be like some finishing school.</i>,FIONA,1868.8970000000002
501,"<i>Mom says that when I'm old enough,</i>",FIONA,1871.9745
502,<i>my Prince Charming will rescue me from my tower</i>,FIONA,1874.3565
503,"<i>and bring me back to my family,</i>",FIONA,1877.09
504,<i>and we'll all live happily ever after.</i>,FIONA,1880.0595
505,<i>Mrs. Fiona Charming.</i>,FIONA,1884.482
506,<i>Mrs. Fiona Charming.</i>,FIONA,1887.9245
507,<i>Mrs. Fiona Charming.</i>,FIONA,1889.6875
508,<i>(ECHOING) Mrs. Fiona Charming.</i>,FIONA,1891.6094999999998
509,(KNOCK ON DOOR),SOUND FX,1897.606
510,Sorry. I hope I'm not interrupting anything.,KING,1903.8585
511,"No, no. I was just reading a, uh... a scary book.",SHREK,1908.0995
512,I was hoping you'd let me apologize for my despicable behaviour earlier.,KING,1913.5085000000001
513,- Okay...,SHREK,1917.4235
514,Do you suppose we could pretend it never happened and start over...,KING,1920.4279999999999
515,"- Look, Your Majesty, I just...",SHREK,1923.772
516,Dad. We both acted like ogres.,SHREK,1927.4424999999999
517,Maybe we just need some time to get to know each other.,SHREK,1931.353
518,Excellent idea! I was actually hoping you might join me for a morning hunt.,KING,1935.378
519,A little father-son time?,KING,1938.745
520,I know it would mean the world to Fiona.,KING,1942.8
521,(SIGHS),SOUND FX,1951.893
522,"Shall we say, 7:30 by the old oak?",KING,1954.7549999999999
523,(BIRDS TWITTER),SOUND FX,1959.6594999999998
524,"Face it, Donkey! We're lost.",SHREK,1963.519
525,We can't be lost. We followed the King's instructions exactly.,DONKEY,1966.5085000000001
526,"""Head to the darkest part of the woods...""",DONKEY,1969.6425000000002
527,"""Past the sinister trees with scary-looking branches.""",DONKEY,1972.421
528,- The bush shaped like Shirley Bassey!,DONKEY,1976.1689999999999
529,You were the one who said not to stop for directions.,DONKEY,1979.8745000000001
530,"Oh, great. My one chance to fix things up with Fiona's dad",SHREK,1983.5500000000002
531,and I end up lost in the woods with you!,SHREK,1986.8945
532,Don't get huffy! I'm only trying to help.,DONKEY,1989.099
533,I know! I know.,SHREK,1991.2975
534,"- I'm sorry, all right?",DONKEY,1996.3135000000002
535,I just really need to make things work with this guy.,SHREK,1999.6355
536,"Yeah, sure. Now let's go bond with Daddy.",DONKEY,2002.7295
537,(PURRING),SOUND FX,2005.0400000000002
538,(PURRING),SOUND FX,2005.8684999999998
539,"Well, well, well, Donkey.",SHREK,2012.8735
540,"I know it was kind of a tender moment back there, but the purring?",SHREK,2015.3909999999998
541,What? I ain't purring.,DONKEY,2018.14
542,Sure. What's next? A hug?,SHREK,2020.1935
543,"Hey, Shrek. Donkeys don't purr. What do you think I am, some kind of a...",DONKEY,2023.4695
544,"Ha-ha! Fear me, if you dare!",PUSS,2026.944
545,(HISSES),PUSS,2028.952
546,Look! A little cat.,SHREK,2030.2235
547,"- Look out, Shrek! He got a piece!",DONKEY,2032.4175
548,"Come here, little kitty, kitty.",SHREK,2035.0675
549,"Come on, little kitty. Come here. Oh! Come here, little kitty.",SHREK,2038.6115
550,- (SCREAMING),SOUND FX,2043.4005
551,"- Hold on, Shrek! I'm coming!",DONKEY,2046.3460000000002
552,"Oh, God. Oh...",SHREK,2049.724
553,No!,SHREK,2051.756
554,"- Look out, Shrek! Hold still!",DONKEY,2055.7675
555,Shrek! Hold still!,DONKEY,2058.069
556,- Did I miss?,DONKEY,2062.1985
557,"Now, ye ogre, pray for mercy from...",PUSS,2069.4805
558,Puss... in Boots!,PUSS,2074.5665000000004
559,I'll kill that cat!,SHREK,2076.8905
560,Ah-ha-ha!,PUSS,2078.3345
561,(COUGHS),PUSS,2080.007
562,(WHEEZES),PUSS,2085.1769999999997
563,(RETCHES),PUSS,2093.8954999999996
564,(COUGHS),PUSS,2094.9795000000004
565,- (CHUCKLES) Hairball.,PUSS,2098.7374999999997
566,What should we do with him?,SHREK,2102.786
567,Take the sword and neuter him. Give him the Bob Barker treatment.,DONKEY,2105.3375
568,"<i>Oh, no! Por favor! Please!</i>",PUSS,2107.754
569,"I implore you! It was nothing personal, Señor.",PUSS,2109.855
570,I was doing it only for my family.,PUSS,2112.148
571,"My mother, she is sick. And my father lives off the garbage!",PUSS,2115.0434999999998
572,The King offered me much in gold and I have a litter of brothers...,PUSS,2118.911
573,"Whoa, whoa, whoa!",SHREK,2121.5184999999997
574,Fiona's father paid you to do this?,SHREK,2123.6815
575,The rich King? Sí.,PUSS,2126.159
576,(SCREAMS),SOUND FX,2128.0535
577,"Well, so much for Dad's royal blessing.",SHREK,2132.0184999999997
578,Don't feel bad. Almost everybody that meets you wants to kill you.,DONKEY,2135.8065
579,"Gee, thanks.",SHREK,2138.2865
580,Maybe Fiona would've been better off if I were some sort of Prince Charming.,SHREK,2144.246
581,That's what the King said.,PUSS,2147.3545
582,"Oh, uh... sorry. I thought that question was directed at me.",PUSS,2151.1145
583,"Shrek, Fiona knows you'd do anything for her.",DONKEY,2155.333
584,"Well, it's not like I wouldn't change if I could.",SHREK,2158.4759999999997
585,I just... I just wish I could make her happy.,SHREK,2162.1475
586,Hold the phone...,SHREK,2167.2054999999996
587,"""Happiness.""",SHREK,2170.484
588,"""A tear drop away.""",SHREK,2173.1205000000004
589,Donkey! Think of the saddest thing that's ever happened to you!,SHREK,2176.5425
590,"Aw, man, where do I begin?",DONKEY,2179.8830000000003
591,First there was the time that old farmer tried to sell me for some magic beans.,DONKEY,2183.3959999999997
592,Then this fool had a party and he have the guests trying to pin the tail on me.,DONKEY,2187.5135
593,"Then they got drunk and start beating me with a stick, going ""Piñata!""",DONKEY,2191.5095
594,"What is a piñata, anyway?",DONKEY,2194.338
595,"No, Donkey! I need you to cry!",SHREK,2196.2775
596,Don't go projecting on me.,DONKEY,2198.3205000000003
597,"I know you're feeling bad, but you got to...",DONKEY,2200.1415
598,Aaaahh!,DONKEY,2202.3320000000003
599,"You little, hairy, litter-licking sack of...",DONKEY,2205.409
600,<i>What? Is it on? Is it on?</i>,FAIRY GODMOTHER,2214.847
601,<i>(CLEARS THROAT)</i>,FAIRY GODMOTHER,2216.593
602,<i>This is Fairy Godmother.</i>,FAIRY GODMOTHER,2218.166
603,<i>I'm either away from my desk or with a client.</i>,FAIRY GODMOTHER,2220.242
604,"<i>But if you come by the office, we'll be glad to make you an appointment.</i>",FAIRY GODMOTHER,2223.6809999999996
605,"<i>Have a ""happy ever after.""</i>",FAIRY GODMOTHER,2226.966
606,Oh...,SHREK,2230.5425
607,"Are you up for a little quest, Donkey?",SHREK,2233.361
608,"That's more like it! Shrek and Donkey, on another whirlwind adventure!",DONKEY,2236.292
609,<i>Ain't no stoppin' us now! Wooh! We're on the move!</i>,DONKEY,2239.88
610,"- Stop, Ogre! I have misjudged you.",PUSS,2243.9885000000004
611,"On my honour, I am obliged to accompany you until I have saved your life",PUSS,2248.3205000000003
612,as you have spared me mine.,PUSS,2251.3195
613,The position of annoying talking animal has already been taken.,DONKEY,2253.9815
614,"Let's go, Shrek. Shrek?",DONKEY,2257.1605
615,- Shrek!,DONKEY,2269.1454999999996
616,in his wee little boots.,SHREK,2271.8385
617,"You know, how many cats can wear boots? Honestly.",SHREK,2274.4844999999996
618,- Let's keep him!,SHREK,2277.5995
619,(PURRS),SOUND FX,2279.959
620,Ahh!,SHREK,2281.4685
621,Listen. He's purring!,SHREK,2283.002
622,"- Oh, so now it's cute.",DONKEY,2285.4990000000003
623,Lighten up? I should lighten up? Look who's telling who to lighten up!,DONKEY,2288.809
624,(GIGGLES) Shrek!,FIONA,2294.118
625,(BARKS),SOUND FX,2296.451
626,(BARKS),SOUND FX,2298.064
627,Shrek?,FIONA,2300.7635
628,"They're both festive, aren't they?",QUEEN,2313.4325
629,"What do you think, Harold?",QUEEN,2315.6985
630,"Um... Yes, yes. Fine. Fine.",KING,2317.8575
631,(SIGHS),SOUND FX,2319.6155
632,Try to at least pretend you're interested in your daughter's wedding ball.,QUEEN,2322.833
633,"Honestly, Lillian, I don't think it matters.",KING,2325.9474999999998
634,How do we know there will even be a ball?,KING,2328.385
635,Mom. Dad.,FIONA,2330.6045000000004
636,"- Oh, hello, dear.",QUEEN,2333.426
637,"Mom, have you seen Shrek?",FIONA,2336.9415
638,I haven't. You should ask your father.,QUEEN,2339.4745
639,"Be sure and use small words, dear. He's a little slow this morning.",QUEEN,2343.2715
640,"- Can I help you, Your Majesty?",CEDRIC,2346.9014999999995
641,Mmm! Exquisite. What do you call this dish?,KING,2350.4230000000002
642,"That would be the dog's breakfast, Your Majesty.",CEDRIC,2353.373
643,"Ah, yes. Very good, then. Carry on, Cedric.",KING,2356.8865
644,"- Dad? Dad, have you seen Shrek?",FIONA,2360.8824999999997
645,I'm sure he just went off to look for a nice...,KING,2364.0245
646,mud hole to cool down in.,KING,2365.8794999999996
647,"You know, after your little spat last night.",KING,2368.117
648,"Oh. You heard that, huh?",FIONA,2370.4505
649,The whole kingdom heard you.,KING,2372.526
650,"I mean, after all, it is in his nature to be...",KING,2374.8415
651,"well, a bit of a brute.",KING,2377.1185
652,"Him? You know, you didn't exactly roll out the Welcome Wagon.",FIONA,2379.9835
653,"Well, what did you expect? Look at what he's done to you.",KING,2383.896
654,Shrek loves me for who I am.,FIONA,2387.85
655,I would think you'd be happy for me.,FIONA,2390.754
656,"Darling, I'm just thinking about what's best for you.",KING,2393.8235000000004
657,Maybe you should do the same.,KING,2397.2685
658,(BOTH WHISPER),SOUND FX,2405.0865000000003
659,"No, really?",SHREK,2413.2990000000004
660,(BOTH LAUGH),SOUND FX,2414.7075
661,(Shrek) Shh...,SHREK,2417.1295
662,Oh...,SHREK,2420.6549999999997
663,(HOOTER BLASTS),SOUND FX,2424.3134999999997
664,"Oh, no. That's the old Keebler's place. Let's back away slowly.",DONKEY,2427.1935
665,That's the Fairy Godmother's cottage.,PUSS,2430.4105
666,She's the largest producer of hexes and potions in the whole kingdom.,PUSS,2433.1519999999996
667,Then why don't we pop in there for a spell? Ha-ha! Spell!,SHREK,2436.7769999999996
668,(PUSS IN BOOTS SHRIEKS WITH LAUGHTER),PUSS,2439.8680000000004
669,(PUSS IN BOOTS) He makes me laugh.,PUSS,2444.6780000000003
670,Hi. I'm here to see the...,SHREK,2452.1135
671,The Fairy Godmother. I'm sorry. She is not in.,JEROME,2454.832
672,<i>Jerome! Coffee and a Monte Cristo. Now!</i>,FAIRY GODMOTHER,2457.8954999999996
673,(SIGHS),SOUND FX,2460.0975
674,"Yes, Fairy Godmother. Right away.",JEROME,2462.3355
675,"Look, she's not seeing any clients today, Okay?",JEROME,2465.4065
676,"That's Okay, buddy. We're from the union.",SHREK,2467.983
677,The union?,JEROME,2469.6775
678,"We represent the workers in all magical industries, both evil and benign.",SHREK,2472.383
679,"Oh! Oh, right.",JEROME,2475.5829999999996
680,Are you feeling at all degraded or oppressed?,SHREK,2478.038
681,Uh... a little. We don't even have dental.,JEROME,2481.4675
682,They don't even have dental.,SHREK,2484.2599999999998
683,"Okay, we'll just have a look around.",SHREK,2486.3135
684,Oh. By the way.,SHREK,2488.1675
685,I think it'd be better if the Fairy Godmother didn't know we were here.,SHREK,2490.4615000000003
686,- Know what I'm saying? Huh?,SHREK,2493.743
687,- Stop it.,SHREK,2497.0335
688,(VOICES AND GRINDING MACHINES),SOUND FX,2500.9694999999997
689,(EXPLOSION),SOUND FX,2523.4925
690,A drop of desire.,FAIRY GODMOTHER,2528.97
691,(GIGGLES) Naughty!,FAIRY GODMOTHER,2531.803
692,A pinch of passion.,FAIRY GODMOTHER,2534.767
693,(LAUGHS),FAIRY GODMOTHER,2537.2434999999996
694,And just a hint of...,FAIRY GODMOTHER,2541.9485
695,lust!,FAIRY GODMOTHER,2544.3715
696,(LAUGHS),FAIRY GODMOTHER,2547.9205
697,- (Shrek) Excuse me.,SHREK,2549.4655000000002
698,Sorry to barge in like this...,SHREK,2551.39
699,What in Grimm's name are you doing here?,FAIRY GODMOTHER,2553.8599999999997
700,"Well, it seems that Fiona's not exactly happy.",SHREK,2557.9535
701,Oh-ho-ho!,FAIRY GODMOTHER,2561.236
702,And there's some question as to why that is?,FAIRY GODMOTHER,2563.232
703,"Well, let's explore that, shall we?",FAIRY GODMOTHER,2566.519
704,"Ah. P, P, P. Princess. Cinderella.",FAIRY GODMOTHER,2571.216
705,"Here we are. ""Lived happily ever after."" Oh...",FAIRY GODMOTHER,2574.9219999999996
706,(LAUGHS) No ogres!,FAIRY GODMOTHER,2577.673
707,Let's see. Snow White.,FAIRY GODMOTHER,2579.5494999999996
708,"A handsome prince. Oh, no ogres.",FAIRY GODMOTHER,2582.1645000000003
709,"Sleeping Beauty. Oh, no ogres!",FAIRY GODMOTHER,2585.303
710,Hansel and Gretel? No! Thumbelina? No.,FAIRY GODMOTHER,2588.061
711,"The Golden Bird, the Little Mermaid, Pretty Woman...",FAIRY GODMOTHER,2591.1749999999997
712,"No, no, no, no, no!",FAIRY GODMOTHER,2594.076
713,"You see, ogres don't live happily ever after.",FAIRY GODMOTHER,2597.672
714,"All right, look, lady!",SHREK,2600.814
715,Don't you point... those dirty green sausages at me!,FAIRY GODMOTHER,2603.5195
716,Your Monte Cristo and coffee.,JEROME,2607.6690000000003
717,Oh! Sorry.,JEROME,2609.4085
718,Ah... that's okay.,SHREK,2611.2740000000003
719,We were just leaving.,SHREK,2613.5205
720,"Very sorry to have wasted your time, Miss Godmother.",SHREK,2616.08
721,Just... go.,FAIRY GODMOTHER,2618.412
722,"Come on, guys.",SHREK,2620.0660000000003
723,(WHISTLES TUNE),SOUND FX,2625.877
724,"TGIF, eh, buddy?",SHREK,2637.5514999999996
725,"Working hard or hardly working, eh, Mac?",SHREK,2641.83
726,Get your fine Corinthian footwear and your cat cheeks out of my face!,DONKEY,2654.1130000000003
727,"Man, that stinks!",DONKEY,2657.0285
728,You don't exactly smell like a basket of roses.,PUSS,2659.67
729,"- Well, one of these has got to help.",SHREK,2666.4415
730,Already our minds are becoming one.,PUSS,2670.4139999999998
731,"Whoa, whoa. If we need an expert on licking ourselves, we'll give you a call.",DONKEY,2674.444
732,"Shrek, this is a bad idea.",DONKEY,2677.848
733,Look. Make yourself useful and go keep watch.,SHREK,2680.315
734,"Puss, do you think you could get to those on top?",SHREK,2683.6725
735,"No problema, boss. In one of my nine lives,",PUSS,2686.4485000000004
736,I was the great cat burglar of Santiago de Compostela.,PUSS,2688.9555
737,Ha-ha-ha-ha!,PUSS,2691.177
738,"Shrek, are you off your nut?",DONKEY,2692.596
739,"Donkey, keep watch.",SHREK,2694.1560000000004
740,"Keep watch? Yeah, I'll keep watch.",DONKEY,2696.0424999999996
741,I'll watch that wicked witch come and whammy a world of hurt up your backside.,DONKEY,2699.0890000000004
742,"I'll laugh, too. I'll be giggling to myself.",DONKEY,2702.658
743,- What do you see?,SHREK,2705.5815000000002
744,I'm sure a nice BM is the perfect solution for marital problems.,DONKEY,2709.0545
745,- Elfa Seltzer?,PUSS,2712.1835
746,- Hex Lax?,PUSS,2714.9490000000005
747,Sorry. No handsome.,PUSS,2718.4105000000004
748,"Hey! How about ""Happily Ever After""?",PUSS,2721.8999999999996
749,"Well, what does it do?",SHREK,2724.59
750,"It says ""Beauty Divine.""",PUSS,2727.705
751,"In some cultures, donkeys are revered as the wisest of creatures.",DONKEY,2730.8014999999996
752,Especially us talking ones.,DONKEY,2733.3785
753,(GASPS) Donkey!,SHREK,2735.31
754,That'll have to do. We've got company.,SHREK,2738.9605
755,Can we get on with this?,DONKEY,2748.043
756,Hurry!,SHREK,2752.7949999999996
757,"Nice catch, Donkey!",SHREK,2762.9345000000003
758,Finally! A good use for your mouth.,PUSS,2764.7585
759,<i>(PETE YORN: EVER FALLEN IN LOVE)</i>,MUSIC,2768.6785
760,Come on!,SHREK,2770.7195
761,<i>You spurn my natural emotions.</i>,MUSIC,2778.465
762,<i>You make me feel like dirt and I'm hurt.</i>,MUSIC,2781.7335
763,<i>And if I start a commotion.</i>,MUSIC,2789.3125
764,<i>I run the risk of losing you and that's worse.</i>,MUSIC,2792.414
765,"<i>Ever fallen in love with someone, ever fallen in love.</i>",MUSIC,2799.7115
766,"<i>In love with someone, ever fallen in love.</i>",MUSIC,2802.949
767,<i>In love with someone you shouldn't have fallen in love with.</i>,MUSIC,2805.9345000000003
768,"<i>Ever fallen in love with someone, ever fallen in love.</i>",MUSIC,2815.857
769,"<i>In love with someone, ever fallen in love.</i>",MUSIC,2819.044
770,<i>With someone you shouldn't have fallen in love with.</i>,MUSIC,2821.776
771,<i>Fallen in love with.</i>,MUSIC,2825.422
772,<i>Ever fallen in love with someone you shouldn't have fallen in love with</i>,MUSIC,2829.8085
773,I don't care whose fault it is. Just get this place cleaned up!,FAIRY GODMOTHER,2835.2279999999996
774,And somebody bring me something deep fried and smothered in chocolate!,FAIRY GODMOTHER,2840.104
775,- Mother!,PRINCE CHARMING,2845.242
776,"This isn't a good time, pumpkin. Mama's working.",FAIRY GODMOTHER,2848.806
777,"Whoa, what happened here?",PRINCE CHARMING,2851.714
778,"- The ogre, that's what!",FAIRY GODMOTHER,2854.3849999999998
779,I shall rend his head from his shoulders!,PRINCE CHARMING,2857.2705
780,I will smite him where he stands!,PRINCE CHARMING,2859.8165
781,He will rue the very day he stole my kingdom from me!,PRINCE CHARMING,2863.082
782,"Oh, put it away, Junior! You're still going to be king.",FAIRY GODMOTHER,2867.7565
783,We'll just have to come up with something smarter.,FAIRY GODMOTHER,2871.074
784,Pardon. Um...,JEROME,2873.487
785,"Everything is accounted for, Fairy Godmother, except for one potion.",JEROME,2876.6555000000003
786,What?,FAIRY GODMOTHER,2879.4485000000004
787,Oh...,FAIRY GODMOTHER,2881.5365
788,I do believe we can make this work to our advantage.,FAIRY GODMOTHER,2884.4525000000003
789,"""Happily Ever After Potion. Maximum strength.""",SHREK,2889.7155
790,"""For you and your true love.""",SHREK,2892.993
791,"""If one of you drinks this, you both will be fine.""",SHREK,2895.727
792,"""Happiness, comfort and beauty divine.""",SHREK,2898.5585
793,- You both will be fine?,DONKEY,2901.8935
794,"Hey, man, this don't feel right. My donkey senses are tingling all over.",DONKEY,2906.6315
795,Drop that jug o' voodoo and let's get out of here.,DONKEY,2910.0260000000003
796,"It says, ""Beauty Divine."" How bad can it be?",SHREK,2913.285
797,(SNEEZES),SOUND FX,2916.506
798,"See, you're allergic to that stuff. You'll have a reaction.",DONKEY,2918.55
799,"And if you think that I'll be smearing Vapo Rub over your chest, think again!",DONKEY,2922.339
800,"Boss, just in case there is something wrong with the potion...",PUSS,2926.124
801,allow me to take the first sip.,PUSS,2928.6865000000003
802,It would be an honour to lay my life on the line for you.,PUSS,2931.451
803,"Oh, no, no. I don't think so.",DONKEY,2934.378
804,"If there'll be any animal testing, I'll do it.",DONKEY,2936.8039999999996
805,That's the best friend's job. Now give me that bottle.,DONKEY,2939.7349999999997
806,How do you feel?,SHREK,2947.482
807,I don't feel any different. I look any different?,DONKEY,2950.888
808,You still look like an ass to me.,PUSS,2953.7889999999998
809,Maybe it doesn't work on donkeys.,SHREK,2956.4619999999995
810,"- Well, here's to us, Fiona.",SHREK,2960.845
811,"- You drink that, there's no going back.",DONKEY,2964.7455
812,- No more wallowing in the mud?,DONKEY,2967.6440000000002
813,- No more itchy butt crack?,DONKEY,2969.5049999999997
814,- But you love being an ogre!,DONKEY,2971.6164999999996
815,But I love Fiona more.,SHREK,2977.4500000000003
816,"Shrek, no! Wait!",DONKEY,2980.8035000000004
817,(GURGLING),SOUND FX,2986.4015
818,(FARTS),SOUND FX,2992.9505
819,"Got to be... I think you grabbed the ""Farty Ever After"" potion.",DONKEY,2996.66
820,Maybe it's a dud.,PUSS,2999.9069999999997
821,Or maybe Fiona and I were never meant to be.,SHREK,3001.175
822,(THUNDER RUMBLES),SOUND FX,3004.887
823,Uh-oh. What did I tell you? I feel something coming on.,DONKEY,3009.359
824,I don't want to die. I don't want to die. I don't want to die!,DONKEY,3012.8865
825,"Oh, sweet sister, mother of mercy. I'm melting!",DONKEY,3016.2875000000004
826,I'm melting!,DONKEY,3019.1045000000004
827,"It's just the rain, Donkey.",SHREK,3021.1925
828,(CHUCKLES) Oh.,DONKEY,3024.3325000000004
829,Don't worry. Things seem bad because it's dark and rainy,DONKEY,3068.597
830,and Fiona's father hired a sleazy hitman to whack you.,DONKEY,3071.436
831,(HISSES),SOUND FX,3073.326
832,It'll be better in the morning. You'll see...,DONKEY,3075.369
833,<i>The sun'll come out...</i>,DONKEY,3078.539
834,<i>Tomorrow</i>,DONKEY,3081.0699999999997
835,(YAWNS),SOUND FX,3082.5429999999997
836,<i>Bet your bottom...</i>,DONKEY,3083.949
837,Bet my bottom?,SHREK,3085.783
838,"I'm coming, Elizabeth!",DONKEY,3087.414
839,Donkey?,SHREK,3088.973
840,Are you all right?,SHREK,3090.8435
841,"- Hey, boss. Let's shave him.",PUSS,3093.7685
842,(GROANS),SOUND FX,3096.9125
843,(PUSS IN BOOTS SHRIEKS),SOUND FX,3099.5595
844,There you are! We missed you at dinner.,KING,3106.3725000000004
845,"What is it, darling?",QUEEN,3109.7045
846,Dad...,FIONA,3111.3295000000003
847,I've been thinking about what you said.,FIONA,3113.357
848,And I'm going to set things right.,FIONA,3116.4525000000003
849,Ah! Excellent! That's my girl.,KING,3118.7755
850,It was a mistake to bring Shrek here.,FIONA,3121.463
851,I'm going to go out and find him.,FIONA,3124.2805
852,And then we'll go back to the swamp where we belong.,FIONA,3127.2760000000003
853,"(LILLIAN) Fiona, please!",QUEEN,3132.953
854,"Let's not be rash, darling. You can't go anywhere right now.",KING,3135.3885
855,(RAIN PATTERS),SOUND FX,3137.5905
856,"Look, I told you he was here. Look at him! Quiet. Look at him.",LADIES,3183.2695
857,(SHREK GROANS),SOUND FX,3187.3885
858,"Good morning, sleepyhead.",LADIES,3188.9715
859,(SHREK SHOUTS),SOUND FX,3190.3365000000003
860,(ALL) Good morning!,LADIES,3191.6595
861,We love your kitty!,LADIES,3193.2845
862,- (Shrek) Oh... My head...,SHREK,3195.9705
863,Thanks.,SHREK,3198.7315
864,Uhh!,SHREK,3200.0965
865,Aahh!,SHREK,3203.8785
866,Oh...,SHREK,3205.2675
867,A cute button nose?,SHREK,3208.842
868,"Thick, wavy locks?",SHREK,3211.273
869,"Taut, round buttocks?",SHREK,3214.2349999999997
870,I'm... I'm...,SHREK,3216.8085
871,- Gorgeous!,LADIES,3218.3375
872,I'm Jill. What's your name?,LADIES,3219.9339999999997
873,- Um... Shrek.,SHREK,3222.8864999999996
874,- You're tense.,LADIES,3226.2415
875,- I got it covered.,LADIES,3228.8575000000005
876,Get in line.,LADIES,3230.752
877,- Have you seen my donkey?,SHREK,3233.424
878,- Donkey? You're a...,SHREK,3237.9285000000004
879,I can whinny.,DONKEY,3240.488
880,(WHINNIES) I can count.,DONKEY,3242.094
881,"Look at me, Shrek! I'm trotting!",DONKEY,3244.9535
882,That's some quality potion. What's in that stuff?,DONKEY,3248.577
883,"""Oh, don't take the potion, Mr. Boss, it's very bad.""",PUSS,3251.8289999999997
884,Pah!,PUSS,3254.1045
885,"""Warning: Side effects may include burning, itching, oozing, weeping.""",PUSS,3256.9335
886,"""Not intended for heart patients or those with...",PUSS,3260.2335000000003
887,"nervous disorders.""",PUSS,3261.929
888,"I'm trotting, I'm trotting in place! Yeah!",DONKEY,3264.51
889,What?,DONKEY,3268.7215
890,"Señor? ""To make the effects of this potion permanent"",",PUSS,3271.1275
891,"""the drinker must obtain his true love's kiss by midnight.""",PUSS,3274.866
892,Midnight? Why is it always midnight?,SHREK,3277.9155
893,- Pick me! I'll be your true love!,LADIES,3280.5555
894,I'll be true... enough.,LADIES,3283.333
895,"Look, ladies, I already have a true love.",SHREK,3286.3835
896,(ALL) Oh...,LADIES,3288.7395
897,"And take it from me, Boss.",PUSS,3290.1135000000004
898,You are going to have one satisfied princess.,PUSS,3292.453
899,And let's face it. You are a lot easier on the eyes.,DONKEY,3295.449
900,"Inside you're the same old mean, salty...",DONKEY,3298.0755
901,- Easy.,SHREK,3300.3795
902,angry ogre you always been.,DONKEY,3302.369
903,And you're still the same annoying donkey.,SHREK,3304.4220000000005
904,- Yeah.,DONKEY,3306.873
905,Well...,SHREK,3309.0475
906,"Look out, Princess. Here comes the new me.",SHREK,3312.3305000000005
907,First things first.,DONKEY,3315.6815
908,- We need to get you out of those clothes.,DONKEY,3317.699
909,- Ready? DONKEY & PUSS - Ready!,SHREK,3323.4955
910,- (DONKEY SCREAMS),DONKEY,3329.1975
911,"Oh, God! Help me, please! My racing days are over!",DONKEY,3331.867
912,I'm blind! Tell the truth.,DONKEY,3334.4010000000003
913,Will I ever play the violin again?,DONKEY,3336.194
914,You poor creature!,ARISTOCRAT,3337.988
915,Is there anything I can do for you?,ARISTOCRAT,3340.02
916,"Well, I guess there is one thing.",DONKEY,3342.3309999999997
917,Take off the powdered wig and step away from your drawers.,PUSS,3345.0310000000004
918,- Not bad.,PUSS,3351.714
919,(BOTH LAUGH),SOUND FX,3356.3315
920,"Father? Is everything all right, Father?",NOBLEMAN,3362.4335
921,"Thank you, gentlemen! Someday, I will repay you.",SHREK,3371.328
922,"Unless, of course, I can't find you or if I forget.",SHREK,3375.132
923,- (WHINNIES),DONKEY,3378.5595000000003
924,<i>(BUTTERFLY BOUCHER: CHANGES)</i>,MUSIC,3383.2419999999997
925,"<i>Oh, yeah.</i>",MUSIC,3385.208
926,<i>Ch-Ch-Ch-Ch-Changes Turn and face the strange.</i>,MUSIC,3395.893
927,<i>Ch-Ch-Changes.</i>,MUSIC,3399.038
928,<i>Don't wanna be a richer one.</i>,MUSIC,3401.5894999999996
929,<i>Ch-Ch-Ch-Ch-Changes.</i>,MUSIC,3403.9849999999997
930,<i>Turn and face the strange.</i>,MUSIC,3406.2180000000003
931,<i>Ch-Ch-Changes.</i>,MUSIC,3408.5705000000003
932,<i>Just gonna have to be a different man.</i>,MUSIC,3411.0724999999998
933,<i>Time may change me.</i>,MUSIC,3413.8955
934,<i>But I can't trace time.</i>,MUSIC,3416.7830000000004
935,Halt!,GUARD,3421.188
936,"Tell Princess Fiona her husband, Sir Shrek, is here to see her.",SHREK,3423.446
937,<i>Still don't know what I was looking for.</i>,MUSIC,3431.4605
938,"<i>And my time was running wild, a million dead-end streets.</i>",MUSIC,3435.9195
939,<i>Every time I thought I'd got it made.</i>,MUSIC,3440.372
940,<i>It seemed the taste was not so sweet</i>,MUSIC,3443.296
941,<i>- (SCREAMS) - Ch-Ch-Ch-Ch-Changes.</i>,MUSIC,3445.71
942,<i>Turn and face the strange.</i>,MUSIC,3447.6155000000003
943,<i>Don't wanna be a richer one.</i>,MUSIC,3452.4745000000003
944,<i>Time may change me.</i>,MUSIC,3455.3105
945,<i>But I can't trace time</i>,MUSIC,3458.0840000000003
946,Fiona?,SHREK,3460.0155000000004
947,"Hello, handsome.",FAIRY GODMOTHER,3464.7725
948,Shrek!,FIONA,3468.266
949,- Princess!,DONKEY,3470.6634999999997
950,"Wow! That potion worked on you, too?",DONKEY,3473.486
951,What potion?,FIONA,3475.292
952,Shrek and I took some magic potion. And well...,DONKEY,3477.5725
953,"Now, we're sexy!",DONKEY,3480.365
954,Shrek?,FIONA,3483.3275
955,(PURRS),SOUND FX,3484.6775000000002
956,"For you, baby... I could be.",PUSS,3489.4059999999995
957,"- Yeah, you wish.",DONKEY,3491.9584999999997
958,He went inside looking for you.,DONKEY,3494.3529999999996
959,Shrek?,FIONA,3498.326
960,Fiona! Fiona!,SHREK,3500.625
961,"You want to dance, pretty boy?",FURNITURE,3504.9490000000005
962,Are you going so soon? Don't you want to see your wife?,FAIRY GODMOTHER,3510.6515000000004
963,Fiona?,PRINCE CHARMING,3514.4210000000003
964,Shrek?,FIONA,3517.9855
965,"Aye, Fiona. It is me.",PRINCE CHARMING,3520.0155
966,What happened to your voice?,FIONA,3522.3759999999997
967,"The potion changed a lot of things, Fiona.",PRINCE CHARMING,3525.3295000000003
968,But not the way I feel about you.,PRINCE CHARMING,3528.796
969,Fiona?,QUEEN,3530.9474999999998
970,- Charming?,KING,3533.9865000000004
971,(LAUGHS) Dad. I was so hoping you'd approve.,PRINCE CHARMING,3537.3855
972,- Um... Who are you?,QUEEN,3541.184
973,"I know you never get a second chance at a first impression,",PRINCE CHARMING,3544.816
974,"but, well, what do you think?",PRINCE CHARMING,3547.9024999999997
975,(Shrek IN DISTANCE) Fiona! Fiona!,SHREK,3554.717
976,Fiona!,FAIRY GODMOTHER,3558.579
977,- Fiona!,SHREK,3561.404
978,"Oh, shoot! I don't think they can hear us, pigeon.",FAIRY GODMOTHER,3565.2740000000003
979,(SIGHS DEEPLY),SOUND FX,3567.9425
980,Don't you think you've already messed her life up enough?,FAIRY GODMOTHER,3571.3435
981,I just wanted her to be happy.,SHREK,3574.96
982,And now she can be.,FAIRY GODMOTHER,3577.2250000000004
983,"Oh, sweetheart.",FAIRY GODMOTHER,3579.4845
984,She's finally found the prince of her dreams.,FAIRY GODMOTHER,3582.4514999999997
985,But look at me. Look what I've done for her.,SHREK,3586.4915
986,"It's time you stop living in a fairy tale, Shrek.",FAIRY GODMOTHER,3590.2635
987,"She's a princess, and you're an ogre.",FAIRY GODMOTHER,3594.0375
988,That's something no amount of potion will ever change.,FAIRY GODMOTHER,3598.2355000000002
989,But...,SHREK,3608.5805
990,I love her.,SHREK,3610.3585
991,If you really love her...,FAIRY GODMOTHER,3612.5865
992,you'll let her go.,FAIRY GODMOTHER,3615.1240000000003
993,<i>(NICK CAVE: PEOPLE AIN'T NO GOOD)</i>,MUSIC,3618.251
994,Shrek?,DONKEY,3621.5895
995,Señor.,PUSS,3622.7135
996,What's going on? Where are you going?,DONKEY,3624.803
997,"You wouldn't have had anything to do with this, would you, Harold?",QUEEN,3634.7219999999998
998,<i>People just ain't no good.</i>,MUSIC,3643.695
999,<i>I think that's well understood.</i>,MUSIC,3649.6944999999996
1000,"There you go, boys.",UGLY STEPSISTER,3652.312
1001,"Just leave the bottle, Doris.",PUSS,3654.2065000000002
1002,Hey. Why the long face?,UGLY STEPSISTER,3656.4655
1003,It was all just a stupid mistake.,SHREK,3659.9460000000004
1004,I never should have rescued her from that tower in the first place.,SHREK,3664.0725
1005,I hate Mondays.,PUSS,3669.1984999999995
1006,I can't believe you'd walk away from the best thing that happened to you.,DONKEY,3672.02
1007,What choice do I have?,SHREK,3674.7525
1008,"She loves that pretty boy, Prince Charming.",SHREK,3677.3190000000004
1009,Come on. Is he really that good-looking?,DONKEY,3680.2045
1010,Are you kidding? He's gorgeous!,UGLY STEPSISTER,3682.5565
1011,He has a face that looks like it was carved by angels.,UGLY STEPSISTER,3685.459
1012,- Oh. He sounds dreamy.,PUSS,3688.4519999999998
1013,"shockingly, this isn't making me feel any better.",SHREK,3691.4855000000002
1014,"Look, guys. It's for the best.",SHREK,3697.912
1015,"Mom and Dad approve,",SHREK,3700.7395
1016,and Fiona gets the man she's always dreamed of.,SHREK,3703.1635
1017,Everybody wins.,SHREK,3705.8835000000004
1018,Except for you.,DONKEY,3708.477
1019,"I don't get it, Shrek. You love Fiona.",DONKEY,3710.8145
1020,Aye.,SHREK,3713.254
1021,And that's why I have to let her go.,SHREK,3716.187
1022,"Excuse me, is she here?",KING,3719.81
1023,"She's, uh... in the back.",GUARD,3722.5190000000002
1024,"Oh, hello again.",KING,3725.78
1025,Fairy Godmother. Charming.,KING,3731.987
1026,"You'd better have a good reason for dragging us down here, Harold.",FAIRY GODMOTHER,3735.238
1027,"Well, I'm afraid Fiona isn't really... warming up to Prince Charming.",KING,3740.334
1028,"- FYI, not my fault.",PRINCE CHARMING,3745.117
1029,"I mean, how charming can I be",PRINCE CHARMING,3747.927
1030,when I have to pretend I'm that dreadful ogre?,PRINCE CHARMING,3750.0995
1031,"No, no, it's nobody's fault.",KING,3752.425
1032,"Perhaps it's best if we just call the whole thing off, okay?",KING,3755.1495000000004
1033,- You can't force someone to fall in love!,KING,3759.051
1034,I beg to differ. I do it all the time!,FAIRY GODMOTHER,3762.9325000000003
1035,"Have Fiona drink this and she'll fall in love with the first man she kisses,",FAIRY GODMOTHER,3766.807
1036,which will be Charming.,FAIRY GODMOTHER,3770.1525
1037,- Umm... no.,KING,3773.698
1038,I can't. I won't do it.,KING,3776.4824999999996
1039,"Oh, yes, you will.",FAIRY GODMOTHER,3778.5625000000005
1040,"If you remember, I helped you with your happily ever after.",FAIRY GODMOTHER,3781.192
1041,And I can take it away just as easily.,FAIRY GODMOTHER,3784.839
1042,Is that what you want? Is it?,FAIRY GODMOTHER,3788.309
1043,- No.,KING,3792.1609999999996
1044,"Now, we have to go.",FAIRY GODMOTHER,3794.39
1045,I need to do Charming's hair before the ball.,FAIRY GODMOTHER,3796.44
1046,He's hopeless. He's all high in the front.,FAIRY GODMOTHER,3798.758
1047,He can never get to the back. You need someone to do the back.,FAIRY GODMOTHER,3801.3535
1048,"Oh. Thank you, Mother.",PRINCE CHARMING,3803.692
1049,(DONKEY) Mother?,DONKEY,3805.499
1050,Um... Mary! A talking horse!,SHREK,3808.0615
1051,The ogre!,FAIRY GODMOTHER,3810.3135
1052,Stop them! Thieves! Bandits! Stop them!,FAIRY GODMOTHER,3814.5899999999997
1053,<i>(ANNOUNCER) The abs are fab and it's gluteus to the maximus</i>,ANNOUNCER,3819.7419999999997
1054,"<i>here at tonight's Far, Far Away Royal Ball blowout!</i>",ANNOUNCER,3823.0054999999998
1055,<i>The coaches are lined up as the cream of the crop pours out of them</i>,ANNOUNCER,3826.3070000000002
1056,<i>like Miss Muffet's curds and whey.</i>,ANNOUNCER,3828.839
1057,Everyone who's anyone has turned out,REPORTER,3830.7955
1058,to honour Princess Fiona and Prince Shrek.,REPORTER,3833.0944999999997
1059,"And, oh my, the outfits look gorgeous!",REPORTER,3835.942
1060,Look! Hansel and Gretel!,REPORTER,3838.2509999999997
1061,What the heck are the crumbs for?,REPORTER,3840.7019999999998
1062,"And right behind them, Tom Thumb and Thumbelina!",REPORTER,3843.157
1063,"- Oh, aren't they adorable!",REPORTER,3846.109
1064,(WOMAN) Here comes Sleeping Beauty!,REPORTER,3849.077
1065,Tired old thing.,REPORTER,3851.7095
1066,Who's this? Who's this? Who is this?,REPORTER,3854.8645
1067,"Oh. It's the one, it's the only...",REPORTER,3857.9425
1068,It's the Fairy Godmother!,REPORTER,3860.911
1069,"Hello, Far, Far Away!",FAIRY GODMOTHER,3863.9044999999996
1070,Can I get a whoop whoop?,FAIRY GODMOTHER,3867.827
1071,May all your endings be happy and...,FAIRY GODMOTHER,3871.8669999999997
1072,"Well, you know the rest!",FAIRY GODMOTHER,3875.1890000000003
1073,"<i>We'll be right back with the Royal Far, Far Away Ball</i>",ANNOUNCER,3878.2999999999997
1074,<i>after these messages.</i>,ANNOUNCER,3880.8625
1075,I hate these ball shows.,GINGY,3882.7450000000003
1076,They bore me to tears. Flip over to Wheel Of Torture!,GINGY,3885.179
1077,"I'm not flipping anywhere, sir, until I see Shrek and Fiona.",PINOCCHIO,3888.5879999999997
1078,Whizzes on you guys.,GINGY,3891.838
1079,"Hey, mice, pass me a buffalo wing!",GINGY,3894.3305
1080,"No, to your left. Your left!",GINGY,3896.579
1081,"<i>- Tonight on ""Knights""...",TV,3902.3185000000003
1082,<i>We got a white bronco heading east into the forest. Requesting backup.</i>,TV,3905.691
1083,<i>It's time to teach these madcap mammals</i>,TV,3908.5525
1084,"<i>their ""devil may mare"" attitudes just won't fly.</i>",TV,3911.0445
1085,Why you grabbing me? Police brutality!,DONKEY,3915.6715
1086,I have to talk to Princess Fiona!,SHREK,3919.754
1087,- We warned you!,GUARD,3921.8810000000003
1088,<i>Did someone let the cat out of the bag?</i>,TV,3924.2075000000004
1089,You capitalist pig dogs!,PUSS,3926.5125000000003
1090,(SHRIEKS),SOUND FX,3928.255
1091,- Catnip!,GUARD,3933.878
1092,Find Princess Fiona!,SHREK,3936.8305
1093,I'm a donkey!,DONKEY,3938.7990000000004
1094,"Tell her Shrek... I'm her husband, Shrek!",SHREK,3941.035
1095,Quick! Rewind it!,GINGY,3944.2915000000003
1096,"I'm her husband, Shrek! Ow!",SHREK,3947.2715
1097,(KNOCK ON DOOR),SOUND FX,3974.3064999999997
1098,Darling?,KING,3976.9105
1099,Ah. I thought I might find you here.,KING,3979.3985000000002
1100,How about a nice hot cup of tea before the ball?,KING,3982.2380000000003
1101,I'm not going.,FIONA,3985.978
1102,The whole Kingdom's turned out to celebrate your marriage.,KING,3988.215
1103,There's just one problem. That's not my husband.,FIONA,3991.7810000000004
1104,"I mean, look at him.",FIONA,3995.7940000000003
1105,"Yes, he is a bit different,",KING,3999.6955
1106,but people change for the ones they love.,KING,4002.02
1107,You'd be surprised how much I changed for your mother.,KING,4005.228
1108,Change?,FIONA,4007.823
1109,He's completely lost his mind!,FIONA,4009.88
1110,Why not come down to the ball and give him another chance?,KING,4012.794
1111,You might find you like this new Shrek.,KING,4016.101
1112,"But it's the old one I fell in love with, Dad.",FIONA,4019.2645
1113,I'd give anything to have him back.,FIONA,4023.02
1114,Darling. That's mine. Decaf.,KING,4028.777
1115,Otherwise I'm up all night.,KING,4031.3835
1116,Thanks.,FIONA,4040.089
1117,I got to get out of here!,DONKEY,4044.1575
1118,You can't lock us up like this! Let me go!,DONKEY,4046.239
1119,What about my Miranda rights?,DONKEY,4048.4095
1120,You're supposed to say I have the right to remain silent.,DONKEY,4050.5975000000003
1121,Nobody said I have the right to remain silent!,DONKEY,4053.1719999999996
1122,You have the right to remain silent.,SHREK,4055.642
1123,What you lack is the capacity.,SHREK,4058.3360000000002
1124,"I must hold on before I, too, go totally mad.",PUSS,4061.4249999999997
1125,Shrek? Donkey?,PINOCCHIO,4064.4315
1126,Too late.,PUSS,4067.3275000000003
1127,Gingy! Pinocchio! Get us out of here!,SHREK,4069.749
1128,Oh...,MOUSE,4072.1245
1129,<i>(THEME FROM MISSION IMPOSSIBLE)</i>,MUSIC,4073.9965
1130,Fire in ze hole!,PIG,4077.889
1131,"(EXPLOSION, RUMBLING)",SOUND FX,4079.949
1132,Look out below!,GINGY,4098.314
1133,Quick! Tell a lie!,SHREK,4102.4095
1134,- What should I say?,PINOCCHIO,4104.837
1135,"Say something crazy like ""I'm wearing ladies' underwear!""",DONKEY,4107.7915
1136,I am wearing ladies' underwear.,PINOCCHIO,4110.438
1137,- Are you?,SHREK,4116.641
1138,It looks like you most certainly am are!,DONKEY,4120.067500000001
1139,- I am not!,PINOCCHIO,4122.1055
1140,- It's a thong!,GINGY,4124.251
1141,- Are not.,GINGY,4126.383
1142,- Are not!,GINGY,4127.965
1143,Here we go. Hang tight.,GINGY,4129.775000000001
1144,"(DONKEY) Wait, wait, wait! Ow! Ow! Hey, hey, hey!",DONKEY,4135.591
1145,Ow!,DONKEY,4138.2755
1146,- Excuse me?,MOUSE,4142.273999999999
1147,"Pardon me, would you mind letting me go?",MOUSE,4144.597
1148,"- Sorry, boss.",PUSS,4146.704500000001
1149,We've got to stop that kiss!,SHREK,4148.667
1150,I thought you was going to let her go.,DONKEY,4150.584999999999
1151,"I was, but I can't let them do this to Fiona.",SHREK,4152.7255000000005
1152,Boom! That's what I like to hear. Look who's coming around!,DONKEY,4155.541
1153,It's impossible! We'll never get in.,PUSS,4158.1359999999995
1154,The castle's guarded. There's a moat and everything!,PUSS,4160.591
1155,"Folks, it looks like we're up chocolate creek without a Popsicle stick.",GINGY,4165.0605
1156,- What?,GINGY,4174.212500000001
1157,"Well, sure! He's down on Drury Lane. Why?",GINGY,4177.931
1158,Because we're gonna need flour.,SHREK,4180.9985
1159,Lots and lots of flour.,SHREK,4183.821
1160,Gingy!,MUFFIN MAN,4188.8825
1161,"Fire up the ovens, Muffin Man! We've got a big order to fill!",SHREK,4192.365
1162,(EVIL CHUCKLE),SOUND FX,4197.954500000001
1163,(GINGY) It's alive!,GINGY,4199.611499999999
1164,(RATTLING),SOUND FX,4204.8775
1165,(GASPING),SOUND FX,4206.4385
1166,"(WHINNIES) Run, run, run, as fast you can!",DONKEY,4210.663500000001
1167,(SCREAMING),SOUND FX,4216.067
1168,"Go, baby, go!",GINGY,4220.878000000001
1169,"There it is, Mongo! To the castle!",SHREK,4224.9055
1170,"(Shrek) No, you great stupid pastry! Come on!",SHREK,4228.633
1171,(ALL SHOUT),SOUND FX,4231.634
1172,(DONKEY) Mongo! Down here! Look at the pony!,DONKEY,4240.009
1173,That's right! Follow the pretty pony!,DONKEY,4244.1455
1174,Pretty pony wants to play at the castle!,DONKEY,4246.6875
1175,(MONGO) Pretty pony.,MONGO,4248.851000000001
1176,Ladies and gentlemen.,ANNOUNCER,4252.3075
1177,"Presenting Princess Fiona and her new husband, Prince Shrek.",ANNOUNCER,4255.6685
1178,"(APPLAUSE, CHEERING)",SOUND FX,4259.7835
1179,"Shrek, what are you doing?",FIONA,4261.626
1180,"I'm just playing the part, Fiona.",PRINCE CHARMING,4264.3775
1181,Is that glitter on your lips?,FIONA,4267.053499999999
1182,Mm. Cherry flavoured. Want to taste?,PRINCE CHARMING,4269.514
1183,- Ugh! What is with you?,FIONA,4272.956499999999
1184,(PIANO PLAYS),SOUND FX,4276.944
1185,"C Minor, put it in C Minor.",FAIRY GODMOTHER,4278.95
1186,Ladies and gentlemen.,FAIRY GODMOTHER,4281.9115
1187,"(APPLAUSE, CHEERING)",SOUND FX,4284.4135
1188,I'd like to dedicate this song to...,FAIRY GODMOTHER,4286.656
1189,Princess Fiona and Prince Shrek.,FAIRY GODMOTHER,4289.915
1190,"Fiona, my Princess.",PRINCE CHARMING,4293.584
1191,Will you honour me with a dance?,PRINCE CHARMING,4295.793000000001
1192,<i>Where have all the good men gone.</i>,FAIRY GODMOTHER,4299.8645
1193,<i>And where are all the gods?</i>,FAIRY GODMOTHER,4303.675499999999
1194,(ALL CHANT) Dance!,CROWD,4305.7695
1195,<i>Where's the streetwise Hercules.</i>,FAIRY GODMOTHER,4308.2415
1196,<i>To fight the rising odds?</i>,FAIRY GODMOTHER,4312.041
1197,Since when do you dance?,FIONA,4317.8235
1198,"Fiona, my dearest, if there's one thing I know,",PRINCE CHARMING,4319.9995
1199,it's that love is full of surprises.,PRINCE CHARMING,4323.1595
1200,<i>Late at night I toss and I turn.</i>,FAIRY GODMOTHER,4326.18
1201,<i>And I dream of what I need.</i>,FAIRY GODMOTHER,4329.7685
1202,Hit it!,FAIRY GODMOTHER,4335.5625
1203,<i>I need a hero.</i>,FAIRY GODMOTHER,4339.880999999999
1204,"All right, big fella! Let's crash this party!",SHREK,4342.7685
1205,Man the catapults!,GUARD,4347.152999999999
1206,Aim! Fire!,GUARD,4349.71
1207,- Brace yourselves!,SHREK,4353.5075
1208,(GROANING),SOUND FX,4358.7155
1209,Not the gumdrop button!,GINGY,4363.5554999999995
1210,(ENRAGED HOWLING),SOUND FX,4368.38
1211,Incoming!,GUARD,4372.5085
1212,Ha-ha! All right!,DONKEY,4374.833500000001
1213,<i>Somewhere after midnight In my wildest fantasy.</i>,FAIRY GODMOTHER,4381.335
1214,"Go, Mongo! Go!",SHREK,4385.192
1215,Man the cauldrons!,GUARD,4390.767
1216,"After you, Mongo.",SHREK,4397.719
1217,- That's it! Heave-ho!,GUARD,4403.513
1218,Shrek!,DONKEY,4409.158
1219,"More heat, less foam!",GUARD,4414.5740000000005
1220,<i>Up where the mountains Meet the heavens above.</i>,FAIRY GODMOTHER,4416.9285
1221,<i>Out where the lightning Splits the sea.</i>,FAIRY GODMOTHER,4419.8875
1222,<i>I could swear there is someone Somewhere watching me.</i>,FAIRY GODMOTHER,4423.83
1223,Heave! Ho!,GUARD,4427.715999999999
1224,"(GINGY, SLOW-MOTION) No!",GINGY,4436.2395
1225,(MONGO GROANS),SOUND FX,4439.1404999999995
1226,(WHISTLES) Come on!,SHREK,4467.900500000001
1227,(CHEERING),SOUND FX,4469.3035
1228,Look out!,PINOCCHIO,4470.5135
1229,- Be good.,MONGO,4472.9625
1230,(SOBBING) He needs me! Let me go!,GINGY,4477.4295
1231,Donkey!,SHREK,4482.937
1232,Puss!,SHREK,4493.742499999999
1233,Go! Go! Your lady needs you! Go!,PUSS,4498.724499999999
1234,"Today, I repay my debt.",PUSS,4503.9555
1235,(ALL) Aww...,CROWD,4511.745
1236,<i>(GROWLING) En garde!</i>,PUSS,4514.6185000000005
1237,<i>He's gotta be strong And he's gotta be fast.</i>,FAIRY GODMOTHER,4520.5650000000005
1238,<i>And he's gotta be fresh From the fight.</i>,FAIRY GODMOTHER,4523.958
1239,<i>- I need a hero.,FAIRY GODMOTHER,4527.2435000000005
1240,(DONKEY WHINNIES),SOUND FX,4530.4185
1241,"- Hey, you! Back away from my wife.",SHREK,4535.423000000001
1242,You couldn't just go back to your swamp and leave well enough alone.,FAIRY GODMOTHER,4540.932500000001
1243,- Now!,SHREK,4544.4815
1244,Pinocchio! Get the wand!,SHREK,4549.1465
1245,I see London! I see France!,PIG,4550.851
1246,Whah!,PINOCCHIO,4552.487
1247,I'm a real boy!,PINOCCHIO,4556.1365
1248,Ah! Ah! Aaahh!,FAIRY GODMOTHER,4563.9435
1249,Catch!,PIG,4567.2175
1250,Donkey!,GINGY,4569.5265
1251,Oh!,FAIRY GODMOTHER,4573.3065
1252,I'm a real boy. Aah!,PINOCCHIO,4575.0885
1253,Oh!,PINOCCHIO,4576.6565
1254,- Ha!,GINGY,4579.9275
1255,That's mine!,FAIRY GODMOTHER,4581.6140000000005
1256,"Pray for mercy, from Puss...",DONKEY,4587.4155
1257,And Donkey!,PUSS,4589.1005000000005
1258,She's taken the potion! Kiss her now!,FAIRY GODMOTHER,4591.428499999999
1259,No!,SHREK,4596.8295
1260,- Hi-ya!,FIONA,4615.9310000000005
1261,- Fiona.,SHREK,4620.2195
1262,Harold! You were supposed to give her the potion!,FAIRY GODMOTHER,4623.46
1263,"Well, I guess I gave her the wrong tea.",KING,4627.4845000000005
1264,- (CHARMING) Mommy!,PRINCE CHARMING,4630.749
1265,(GROWLS) I told you.,FAIRY GODMOTHER,4633.914500000001
1266,Ogres don't live happily ever after.,FAIRY GODMOTHER,4637.427500000001
1267,(SCREAMS),SOUND FX,4644.292
1268,Woo!,FAIRY GODMOTHER,4650.138
1269,Ha!,FAIRY GODMOTHER,4651.7294999999995
1270,(BREATHES DEEPLY),SOUND FX,4660.105
1271,"(GASPING) Oh, Dad!",FIONA,4664.1215
1272,(SOBBING),SOUND FX,4666.3495
1273,- Is he?,PINOCCHIO,4670.029500000001
1274,(CROAKING),SOUND FX,4671.688
1275,He croaked.,GINGY,4673.262
1276,Harold?,QUEEN,4676.9625
1277,Dad?,FIONA,4678.557000000001
1278,I'd hoped you'd never see me like this.,KING,4680.7535
1279,- And he gave you a hard time!,DONKEY,4683.16
1280,"No, no, he's right. I'm sorry.",KING,4685.47
1281,To both of you.,KING,4688.0824999999995
1282,I only wanted what was best for Fiona.,KING,4690.1495
1283,But I can see now...,KING,4693.771
1284,she already has it.,KING,4695.826999999999
1285,"Shrek, Fiona...",KING,4698.76
1286,Will you accept an old frog's apologies...,KING,4702.267000000001
1287,and my blessing?,KING,4706.2335
1288,"Harold? I'm sorry, Lillian.",QUEEN,4708.8679999999995
1289,I just wish I could be the man you deserve.,KING,4711.8240000000005
1290,You're more that man today than you ever were...,QUEEN,4716.4445
1291,warts and all.,QUEEN,4719.1175
1292,(RIBBITS),SOUND FX,4721.1605
1293,(CLOCK CHIMES),SOUND FX,4723.125
1294,Boss! The Happily Ever After Potion!,PUSS,4725.2395
1295,Midnight!,SHREK,4727.0545
1296,Fiona. Is this what you want?,SHREK,4729.795
1297,To be this way forever?,SHREK,4733.337
1298,- What?,FIONA,4736.2435000000005
1299,we can stay like this.,SHREK,4739.076
1300,You'd do that?,FIONA,4741.9065
1301,- For me?,FIONA,4743.9745
1302,I want what any princess wants.,FIONA,4755.1755
1303,To live happily ever after...,FIONA,4758.0355
1304,with the ogre I married.,FIONA,4764.811
1305,"Whatever happens, I must not cry!",PUSS,4770.7275
1306,You cannot make me cry!,PUSS,4773.3515
1307,(SOBBING),SOUND FX,4775.2245
1308,(CLOCK CHIMES),SOUND FX,4776.927
1309,Whoa!,PINOCCHIO,4797.224999999999
1310,"No. No, no. Aaah! Ow.",DONKEY,4801.148499999999
1311,"Oh, no.",DONKEY,4806.958
1312,(SIGHS),SOUND FX,4822.907
1313,(LAUGHS) Hey. You still look like a noble steed to me.,SHREK,4826.221
1314,"(GIGGLES) Now, where were we?",FIONA,4833.802000000001
1315,Oh. I remember.,SHREK,4836.7645
1316,(GIGGLING),SOUND FX,4839.2395
1317,(APPLAUSE),SOUND FX,4841.5695000000005
1318,Hey! Isn't we supposed to be having a fiesta?,PUSS,4847.0085
1319,"<i>Uno, dos, cuatro, hit it!</i>",DONKEY,4850.001
1320,<i>(EDDIE MURPHY/ANTONIO BANDERAS: LMN' LA VIDA LOCA)</i>,DONKEY,4856.3275
1321,"Puss and Donkey, y'all...",DONKEY,4858.8065
1322,<i>She's into superstitions.</i>,DONKEY,4860.9695
1323,<i>Black cats and voodoo dolls.</i>,DONKEY,4863.72
1324,"<i>- Sing it, Puss!",DONKEY,4866.4349999999995
1325,<i>That girl's gonna make me fall.</i>,PUSS,4869.0845
1326,Here we go!,DONKEY,4872.4305
1327,<i>She's into new sensations.</i>,PUSS,4874.3735
1328,<i>New kicks in the candlelight.</i>,PUSS,4877.0695000000005
1329,<i>She's got a new addiction.</i>,DONKEY,4879.697999999999
1330,<i>But she'll take away your pain.</i>,PUSS,4892.5415
1331,Hey gorgeous!,UGLY STEPSISTER,4904.747
1332,<i>Living la vida loca.</i>,GIANT GINGY,4906.762
1333,- (DONKEY) She livin' it loca!</i>,DONKEY,4917.334
1334,<i>- (DONKEY) Say it one more time now! DONKEY & PUSS - Living the vida loca</i>,DONKEY,4922.174500000001
1335,(PUSS IN BOOTS JAMMING),SOUND FX,4925.889
1336,"(PUSS IN BOOTS) Hey, Donkey, that's Spanish!",PUSS,4931.2805
1337,"Amigo, we are off to the Kit-Kat Club.",PUSS,5057.474
1338,"Come on, join us.",PUSS,5059.522
1339,"Thanks, compadre. I'm... I'm not in the mood.",PUSS,5062.2595
1340,<i>We will cheer you up! Find you a nice burro!</i>,PUSS,5066.0885
1341,(SHRIEKING),SOUND FX,5068.6525
1342,"Hey, baby!",DONKEY,5070.0155
1343,"Hey, that's my girl! Yeah! All right!",DONKEY,5074.808
1344,"Baby, where you been?",DONKEY,5077.7105
1345,- (CRIES),SOUND FX,5079.5015
1346,I should've stayed. But Shrek had this thing he had to do.,DONKEY,5082.1005
1347,What? Say it one more time.,DONKEY,5084.3565
1348,What you talking about? Are you serious?,DONKEY,5086.477
1349,- (COOING),SOUND FX,5089.0675
1350,- Papa!,DRONKEY,5091.292
1351,"- (COOING, SQUEALING)",SOUND FX,5094.688999999999
